-- phpMyAdmin SQL Dump
-- version 3.2.4
-- http://www.phpmyadmin.net
--
-- Servidor: localhost
-- Tiempo de generación: 05-02-2012 a las 08:28:41
-- Versión del servidor: 5.1.44
-- Versión de PHP: 5.3.1

SET SQL_MODE="NO_AUTO_VALUE_ON_ZERO";


/*!40101 SET @OLD_CHARACTER_SET_CLIENT=@@CHARACTER_SET_CLIENT */;
/*!40101 SET @OLD_CHARACTER_SET_RESULTS=@@CHARACTER_SET_RESULTS */;
/*!40101 SET @OLD_COLLATION_CONNECTION=@@COLLATION_CONNECTION */;
/*!40101 SET NAMES utf8 */;

--
-- Base de datos: `muucms`
--

-- --------------------------------------------------------

--
-- Estructura de tabla para la tabla `muu_ads`
--

CREATE TABLE IF NOT EXISTS `muu_ads` (
  `ID_Ad` mediumint(8) unsigned NOT NULL AUTO_INCREMENT,
  `ID_User` mediumint(8) unsigned NOT NULL DEFAULT '0',
  `Title` varchar(100) NOT NULL,
  `Position` varchar(15) NOT NULL DEFAULT 'Right',
  `Banner` varchar(250) NOT NULL,
  `URL` varchar(250) NOT NULL,
  `Code` text NOT NULL,
  `Clicks` mediumint(8) unsigned NOT NULL DEFAULT '0',
  `Start_Date` int(11) NOT NULL DEFAULT '0',
  `End_Date` int(11) NOT NULL DEFAULT '0',
  `Time` mediumint(8) NOT NULL DEFAULT '5000',
  `Principal` tinyint(1) NOT NULL DEFAULT '0',
  `Situation` varchar(15) NOT NULL DEFAULT 'Active',
  PRIMARY KEY (`ID_Ad`),
  KEY `ID_User` (`ID_User`)
) ENGINE=InnoDB  DEFAULT CHARSET=utf8 AUTO_INCREMENT=1 ;



CREATE TABLE IF NOT EXISTS `muu_applications` (
  `ID_Application` mediumint(8) unsigned NOT NULL AUTO_INCREMENT,
  `Title` varchar(45) NOT NULL,
  `Slug` varchar(45) NOT NULL,
  `CPanel` tinyint(1) NOT NULL DEFAULT '1',
  `Adding` tinyint(1) NOT NULL,
  `BeDefault` tinyint(1) NOT NULL DEFAULT '1',
  `Comments` tinyint(1) NOT NULL DEFAULT '0',
  `Situation` varchar(15) NOT NULL DEFAULT 'Active',
  PRIMARY KEY (`ID_Application`)
) ENGINE=InnoDB  DEFAULT CHARSET=utf8 AUTO_INCREMENT=21 ;

--
-- Volcar la base de datos para la tabla `muu_applications`
--

INSERT INTO `muu_applications` (`ID_Application`, `Title`, `Slug`, `CPanel`, `Adding`, `BeDefault`, `Comments`, `Situation`) VALUES
(1, 'Ads', 'ads', 1, 1, 0, 0, 'Active'),
(2, 'Applications', 'applications', 1, 1, 0, 0, 'Inactive'),
(3, 'Blog', 'blog', 1, 1, 1, 1, 'Active'),
(4, 'Categories', 'categories', 1, 1, 0, 0, 'Active'),
(5, 'Comments', 'comments', 1, 0, 0, 1, 'Active'),
(6, 'Configuration', 'configuration', 1, 0, 0, 0, 'Active'),
(7, 'Feedback', 'feedback', 1, 0, 0, 0, 'Active'),
(8, 'Forums', 'forums', 1, 1, 1, 0, 'Active'),
(9, 'Gallery', 'gallery', 1, 1, 1, 1, 'Active'),
(10, 'Links', 'links', 1, 1, 1, 0, 'Active'),
(11, 'Messages', 'messages', 1, 1, 0, 0, 'Inactive'),
(12, 'Pages', 'pages', 1, 1, 1, 0, 'Active'),
(13, 'Polls', 'polls', 1, 1, 0, 0, 'Active'),
(14, 'Support', 'support', 1, 1, 0, 0, 'Inactive'),
(15, 'Tags', 'tags', 1, 1, 0, 0, 'Active'),
(16, 'URL', 'url', 1, 1, 0, 0, 'Inactive'),
(17, 'Users', 'users', 1, 1, 0, 0, 'Active'),
(18, 'Videos', 'videos', 1, 1, 1, 0, 'Active'),
(19, 'Works', 'works', 1, 1, 1, 0, 'Active'),
(20, 'Hotels', 'hotels', 1, 1, 1, 0, 'Inactive');

-- --------------------------------------------------------

--
-- Estructura de tabla para la tabla `muu_blog`
--

CREATE TABLE IF NOT EXISTS `muu_blog` (
  `ID_Post` mediumint(8) unsigned NOT NULL AUTO_INCREMENT,
  `ID_User` mediumint(8) unsigned NOT NULL DEFAULT '0',
  `ID_URL` mediumint(8) unsigned NOT NULL DEFAULT '0',
  `Title` varchar(250) NOT NULL,
  `Slug` varchar(250) NOT NULL,
  `Content` text NOT NULL,
  `Author` varchar(50) NOT NULL,
  `Start_Date` int(11) NOT NULL DEFAULT '0',
  `Text_Date` varchar(40) NOT NULL,
  `Year` varchar(4) NOT NULL,
  `Month` varchar(2) NOT NULL,
  `Day` varchar(2) NOT NULL,
  `Views` mediumint(8) unsigned NOT NULL DEFAULT '0',
  `Image_Small` varchar(250) DEFAULT NULL,
  `Image_Medium` varchar(250) NOT NULL,
  `Comments` mediumint(8) NOT NULL DEFAULT '0',
  `Enable_Comments` tinyint(1) NOT NULL DEFAULT '0',
  `Language` varchar(20) NOT NULL DEFAULT 'Spanish',
  `Pwd` varchar(40) NOT NULL,
  `Situation` varchar(15) NOT NULL DEFAULT 'Active',
  PRIMARY KEY (`ID_Post`),
  KEY `ID_User` (`ID_User`),
  KEY `ID_URL` (`ID_URL`)
) ENGINE=InnoDB  DEFAULT CHARSET=utf8 AUTO_INCREMENT=1 ;


CREATE TABLE IF NOT EXISTS `muu_categories` (
  `ID_Category` mediumint(8) unsigned NOT NULL AUTO_INCREMENT,
  `ID_Parent` tinyint(4) DEFAULT '0',
  `Title` varchar(90) DEFAULT NULL,
  `Slug` varchar(90) DEFAULT NULL,
  `Language` varchar(10) DEFAULT NULL,
  `Situation` varchar(15) DEFAULT 'Active',
  PRIMARY KEY (`ID_Category`)
) ENGINE=InnoDB  DEFAULT CHARSET=utf8 AUTO_INCREMENT=25 ;



CREATE TABLE IF NOT EXISTS `muu_comments` (
  `ID_Comment` mediumint(8) unsigned NOT NULL AUTO_INCREMENT,
  `ID_User` mediumint(8) unsigned NOT NULL DEFAULT '0',
  `Comment` text NOT NULL,
  `Start_Date` int(11) NOT NULL,
  `Text_Date` varchar(40) NOT NULL,
  `Name` varchar(50) NOT NULL,
  `Email` varchar(60) NOT NULL,
  `Website` varchar(80) NOT NULL,
  `Situation` varchar(15) NOT NULL DEFAULT 'Active',
  PRIMARY KEY (`ID_Comment`),
  KEY `ID_User` (`ID_User`)
) ENGINE=InnoDB DEFAULT CHARSET=utf8 AUTO_INCREMENT=1 ;

--
-- Volcar la base de datos para la tabla `muu_comments`
--


-- --------------------------------------------------------

--
-- Estructura de tabla para la tabla `muu_configuration`
--

CREATE TABLE IF NOT EXISTS `muu_configuration` (
  `ID_Configuration` tinyint(1) unsigned NOT NULL AUTO_INCREMENT,
  `Name` varchar(100) NOT NULL,
  `Slogan_English` varchar(100) NOT NULL,
  `Slogan_Spanish` varchar(100) NOT NULL,
  `Slogan_French` varchar(100) NOT NULL,
  `Slogan_Portuguese` varchar(100) NOT NULL,
  `URL` varchar(60) NOT NULL,
  `Lang` varchar(2) NOT NULL DEFAULT 'en',
  `Language` varchar(25) NOT NULL DEFAULT 'English',
  `Theme` varchar(25) NOT NULL DEFAULT 'ZanPHP',
  `Gallery` varchar(30) NOT NULL DEFAULT 'Basic',
  `Validation` varchar(15) NOT NULL DEFAULT 'Super Admin',
  `Application` varchar(30) NOT NULL DEFAULT 'Blog',
  `Message` text NOT NULL,
  `Activation` varchar(10) NOT NULL DEFAULT 'Nobody',
  `Email_Recieve` varchar(50) NOT NULL,
  `Email_Send` varchar(50) NOT NULL DEFAULT '@domain.com',
  `Situation` varchar(15) NOT NULL DEFAULT 'Active',
  PRIMARY KEY (`ID_Configuration`)
) ENGINE=InnoDB  DEFAULT CHARSET=utf8 AUTO_INCREMENT=2 ;

--
-- Volcar la base de datos para la tabla `muu_configuration`
--

INSERT INTO `muu_configuration` (`ID_Configuration`, `Name`, `Slogan_English`, `Slogan_Spanish`, `Slogan_French`, `Slogan_Portuguese`, `URL`, `Lang`, `Language`, `Theme`, `Gallery`, `Validation`, `Application`, `Message`, `Activation`, `Email_Recieve`, `Email_Send`, `Situation`) VALUES
(1, 'MuuCMS', '', '', '', '', 'http://127.0.0.1/MuuCMS', 'es', 'Spanish', 'zanphp', '1', 'Inactive', 'blog', '<p>El Sitio Web esta en mantenimiento</p>', 'Admin', 'example@gmail.com', 'webmaster@gmail.com', 'Active');

-- --------------------------------------------------------

--
-- Estructura de tabla para la tabla `muu_feedback`
--

CREATE TABLE IF NOT EXISTS `muu_feedback` (
  `ID_Feedback` mediumint(8) unsigned NOT NULL AUTO_INCREMENT,
  `Name` varchar(100) NOT NULL,
  `Email` varchar(60) NOT NULL,
  `Company` varchar(50) NOT NULL,
  `Phone` varchar(16) NOT NULL,
  `City` varchar(50) NOT NULL,
  `Subject` varchar(200) NOT NULL,
  `Message` text NOT NULL,
  `Start_Date` int(11) NOT NULL,
  `Text_Date` varchar(60) NOT NULL,
  `Situation` varchar(15) NOT NULL DEFAULT 'Inactive',
  PRIMARY KEY (`ID_Feedback`)
) ENGINE=InnoDB  DEFAULT CHARSET=utf8 AUTO_INCREMENT=1 ;


CREATE TABLE IF NOT EXISTS `muu_forums` (
  `ID_Forum` mediumint(8) unsigned NOT NULL AUTO_INCREMENT,
  `Title` varchar(120) NOT NULL,
  `Slug` varchar(120) NOT NULL,
  `Description` varchar(250) NOT NULL,
  `Topics` mediumint(8) unsigned NOT NULL DEFAULT '0',
  `Replies` mediumint(8) unsigned NOT NULL DEFAULT '0',
  `Last_Reply` int(11) unsigned NOT NULL DEFAULT '0',
  `Last_Date` varchar(50) NOT NULL,
  `Language` varchar(20) NOT NULL DEFAULT 'Spanish',
  `Situation` varchar(15) NOT NULL DEFAULT 'Active',
  PRIMARY KEY (`ID_Forum`)
) ENGINE=InnoDB  DEFAULT CHARSET=utf8 AUTO_INCREMENT=1 ;


CREATE TABLE IF NOT EXISTS `muu_forums_posts` (
  `ID_Post` mediumint(8) unsigned NOT NULL AUTO_INCREMENT,
  `ID_User` mediumint(8) unsigned NOT NULL DEFAULT '0',
  `ID_Forum` mediumint(8) unsigned NOT NULL DEFAULT '0',
  `ID_Parent` mediumint(8) unsigned NOT NULL DEFAULT '0',
  `Title` varchar(150) NOT NULL,
  `Slug` varchar(150) NOT NULL,
  `Content` text NOT NULL,
  `Author` varchar(50) NOT NULL,
  `Start_Date` int(11) unsigned NOT NULL DEFAULT '0',
  `Text_Date` varchar(50) NOT NULL,
  `Hour` varchar(15) NOT NULL DEFAULT '00:00:00',
  `Visits` mediumint(8) unsigned NOT NULL DEFAULT '0',
  `Topic` tinyint(1) NOT NULL DEFAULT '0',
  `Situation` varchar(15) NOT NULL DEFAULT 'Active',
  PRIMARY KEY (`ID_Post`),
  KEY `ID_User` (`ID_User`),
  KEY `ID_Forum` (`ID_Forum`)
) ENGINE=InnoDB  DEFAULT CHARSET=utf8 AUTO_INCREMENT=1 ;


CREATE TABLE IF NOT EXISTS `muu_gallery` (
  `ID_Image` mediumint(8) unsigned NOT NULL AUTO_INCREMENT,
  `ID_User` mediumint(8) unsigned NOT NULL DEFAULT '0',
  `Title` varchar(100) NOT NULL,
  `Slug` varchar(100) NOT NULL,
  `Description` varchar(250) NOT NULL,
  `Small` varchar(255) NOT NULL,
  `Medium` varchar(255) NOT NULL,
  `Original` varchar(255) NOT NULL,
  `Album` varchar(50) NOT NULL DEFAULT 'None',
  `Album_Slug` varchar(150) NOT NULL DEFAULT 'None',
  `Start_Date` int(11) NOT NULL,
  `Text_Date` varchar(50) NOT NULL,
  `Situation` varchar(15) NOT NULL DEFAULT 'Active',
  PRIMARY KEY (`ID_Image`),
  KEY `ID_User` (`ID_User`)
) ENGINE=InnoDB DEFAULT CHARSET=utf8 AUTO_INCREMENT=1 ;

--
-- Volcar la base de datos para la tabla `muu_gallery`
--


-- --------------------------------------------------------

--
-- Estructura de tabla para la tabla `muu_gallery_themes`
--

CREATE TABLE IF NOT EXISTS `muu_gallery_themes` (
  `ID_Gallery_Theme` mediumint(8) unsigned NOT NULL AUTO_INCREMENT,
  `Title` varchar(50) NOT NULL,
  `Slug` varchar(50) NOT NULL,
  `Description` varchar(200) NOT NULL,
  PRIMARY KEY (`ID_Gallery_Theme`)
) ENGINE=InnoDB DEFAULT CHARSET=utf8 AUTO_INCREMENT=1 ;

CREATE TABLE IF NOT EXISTS `muu_links` (
  `ID_Link` mediumint(8) unsigned NOT NULL AUTO_INCREMENT,
  `ID_User` mediumint(8) unsigned NOT NULL DEFAULT '0',
  `Title` varchar(50) NOT NULL,
  `URL` varchar(100) NOT NULL,
  `Description` varchar(100) NOT NULL,
  `Follow` tinyint(1) NOT NULL DEFAULT '1',
  `Position` varchar(10) NOT NULL DEFAULT 'Web Friend',
  `Situation` varchar(15) NOT NULL DEFAULT 'Active',
  PRIMARY KEY (`ID_Link`),
  KEY `ID_User` (`ID_User`)
) ENGINE=InnoDB  DEFAULT CHARSET=utf8 AUTO_INCREMENT=1 ;

CREATE TABLE IF NOT EXISTS `muu_logs` (
  `ID_Log` mediumint(8) unsigned NOT NULL AUTO_INCREMENT,
  `ID_User` mediumint(8) unsigned NOT NULL DEFAULT '0',
  `ID_Record` mediumint(8) unsigned NOT NULL DEFAULT '0',
  `Table_Name` varchar(50) NOT NULL,
  `Activity` varchar(100) NOT NULL,
  `Query` text NOT NULL,
  `Start_Date` datetime NOT NULL,
  PRIMARY KEY (`ID_Log`),
  KEY `ID_User` (`ID_User`)
) ENGINE=InnoDB DEFAULT CHARSET=utf8 AUTO_INCREMENT=1 ;

--
-- Volcar la base de datos para la tabla `muu_logs`
--


-- --------------------------------------------------------

--
-- Estructura de tabla para la tabla `muu_messages`
--

CREATE TABLE IF NOT EXISTS `muu_messages` (
  `ID_Message` mediumint(8) unsigned NOT NULL AUTO_INCREMENT,
  `ID_Parent` mediumint(8) unsigned NOT NULL,
  `ID_From_User` mediumint(8) unsigned NOT NULL,
  `ID_To_User` mediumint(8) unsigned NOT NULL,
  `Title` varchar(100) NOT NULL,
  `Slug` varchar(150) NOT NULL,
  `Message` text NOT NULL,
  `Start_Date` int(11) NOT NULL,
  `Text_Date` varchar(60) NOT NULL,
  `Situation` varchar(15) NOT NULL DEFAULT 'Unread',
  PRIMARY KEY (`ID_Message`)
) ENGINE=InnoDB DEFAULT CHARSET=utf8 AUTO_INCREMENT=1 ;

--
-- Volcar la base de datos para la tabla `muu_messages`
--


-- --------------------------------------------------------

--
-- Estructura de tabla para la tabla `muu_mural`
--

CREATE TABLE IF NOT EXISTS `muu_mural` (
  `ID_Mural` mediumint(8) unsigned NOT NULL AUTO_INCREMENT,
  `ID_Post` mediumint(8) unsigned NOT NULL DEFAULT '0',
  `Title` varchar(200) NOT NULL,
  `URL` varchar(250) NOT NULL,
  `Image` varchar(250) NOT NULL,
  `Situation` varchar(15) NOT NULL DEFAULT 'Active',
  PRIMARY KEY (`ID_Mural`),
  KEY `ID_Post` (`ID_Post`)
) ENGINE=InnoDB  DEFAULT CHARSET=utf8 AUTO_INCREMENT=1 ;

CREATE TABLE IF NOT EXISTS `muu_pages` (
  `ID_Page` mediumint(8) unsigned NOT NULL AUTO_INCREMENT,
  `ID_User` mediumint(8) unsigned NOT NULL DEFAULT '0',
  `ID_Translation` mediumint(8) NOT NULL DEFAULT '0',
  `Title` varchar(100) NOT NULL,
  `Slug` varchar(100) NOT NULL,
  `Content` text NOT NULL,
  `Views` mediumint(8) unsigned NOT NULL DEFAULT '0',
  `Language` varchar(20) NOT NULL,
  `Principal` tinyint(1) NOT NULL DEFAULT '0',
  `Start_Date` int(11) NOT NULL,
  `Text_Date` varchar(40) NOT NULL,
  `Situation` varchar(15) NOT NULL DEFAULT 'Active',
  PRIMARY KEY (`ID_Page`),
  KEY `ID_User` (`ID_User`)
) ENGINE=InnoDB DEFAULT CHARSET=utf8 AUTO_INCREMENT=1 ;

--
-- Volcar la base de datos para la tabla `muu_pages`
--


-- --------------------------------------------------------

--
-- Estructura de tabla para la tabla `muu_polls`
--

CREATE TABLE IF NOT EXISTS `muu_polls` (
  `ID_Poll` mediumint(8) unsigned NOT NULL AUTO_INCREMENT,
  `ID_User` mediumint(8) unsigned NOT NULL DEFAULT '0',
  `Title` varchar(255) NOT NULL,
  `Type` varchar(10) DEFAULT 'Simple',
  `Start_Date` int(11) NOT NULL,
  `Text_Date` varchar(40) NOT NULL,
  `Situation` varchar(15) NOT NULL DEFAULT 'Active',
  PRIMARY KEY (`ID_Poll`),
  KEY `ID_User` (`ID_User`)
) ENGINE=InnoDB  DEFAULT CHARSET=utf8 AUTO_INCREMENT=1 ;


-- --------------------------------------------------------

--
-- Estructura de tabla para la tabla `muu_polls_answers`
--

CREATE TABLE IF NOT EXISTS `muu_polls_answers` (
  `ID_Answer` mediumint(8) unsigned NOT NULL AUTO_INCREMENT,
  `ID_Poll` mediumint(8) unsigned NOT NULL DEFAULT '0',
  `Answer` varchar(100) NOT NULL,
  `Votes` mediumint(8) NOT NULL DEFAULT '0',
  PRIMARY KEY (`ID_Answer`),
  KEY `ID_Poll` (`ID_Poll`)
) ENGINE=InnoDB  DEFAULT CHARSET=utf8 AUTO_INCREMENT=3 ;


-- --------------------------------------------------------

--
-- Estructura de tabla para la tabla `muu_polls_ips`
--

CREATE TABLE IF NOT EXISTS `muu_polls_ips` (
  `ID_Poll` mediumint(8) unsigned NOT NULL DEFAULT '0',
  `IP` varchar(15) NOT NULL,
  `Start_Date` int(11) unsigned NOT NULL DEFAULT '0',
  `End_Date` int(11) unsigned NOT NULL DEFAULT '0',
  KEY `ID_Poll` (`ID_Poll`)
) ENGINE=InnoDB DEFAULT CHARSET=utf8;

--
-- Volcar la base de datos para la tabla `muu_polls_ips`
--


-- --------------------------------------------------------

--
-- Estructura de tabla para la tabla `muu_privileges`
--

CREATE TABLE IF NOT EXISTS `muu_privileges` (
  `ID_Privilege` mediumint(8) unsigned NOT NULL AUTO_INCREMENT,
  `Privilege` varchar(25) NOT NULL DEFAULT 'Member',
  PRIMARY KEY (`ID_Privilege`)
) ENGINE=InnoDB  DEFAULT CHARSET=utf8 AUTO_INCREMENT=5 ;

--
-- Volcar la base de datos para la tabla `muu_privileges`
--

INSERT INTO `muu_privileges` (`ID_Privilege`, `Privilege`) VALUES
(1, 'Super Admin'),
(2, 'Admin'),
(3, 'Moderator'),
(4, 'Member');

-- --------------------------------------------------------

--
-- Estructura de tabla para la tabla `muu_re_categories_applications`
--

CREATE TABLE IF NOT EXISTS `muu_re_categories_applications` (
  `ID_Category2Application` mediumint(8) unsigned NOT NULL AUTO_INCREMENT,
  `ID_Application` mediumint(8) unsigned NOT NULL DEFAULT '0',
  `ID_Category` mediumint(8) unsigned NOT NULL DEFAULT '0',
  PRIMARY KEY (`ID_Category2Application`),
  KEY `ID_Application` (`ID_Application`),
  KEY `ID_Category` (`ID_Category`)
) ENGINE=InnoDB  DEFAULT CHARSET=utf8 AUTO_INCREMENT=1 ;


-- --------------------------------------------------------

--
-- Estructura de tabla para la tabla `muu_re_categories_records`
--

CREATE TABLE IF NOT EXISTS `muu_re_categories_records` (
  `ID_Category2Application` mediumint(8) unsigned NOT NULL DEFAULT '0',
  `ID_Record` mediumint(8) unsigned NOT NULL DEFAULT '0',
  KEY `ID_Category2Application` (`ID_Category2Application`)
) ENGINE=InnoDB DEFAULT CHARSET=utf8;

-- --------------------------------------------------------

--
-- Estructura de tabla para la tabla `muu_re_comments_applications`
--

CREATE TABLE IF NOT EXISTS `muu_re_comments_applications` (
  `ID_Comment2Application` mediumint(8) unsigned NOT NULL AUTO_INCREMENT,
  `ID_Application` mediumint(8) unsigned NOT NULL DEFAULT '0',
  `ID_Comment` mediumint(8) unsigned NOT NULL DEFAULT '0',
  PRIMARY KEY (`ID_Comment2Application`),
  KEY `ID_Application` (`ID_Application`),
  KEY `ID_Comment` (`ID_Comment`)
) ENGINE=InnoDB DEFAULT CHARSET=utf8 AUTO_INCREMENT=1 ;

--
-- Volcar la base de datos para la tabla `muu_re_comments_applications`
--


-- --------------------------------------------------------

--
-- Estructura de tabla para la tabla `muu_re_comments_records`
--

CREATE TABLE IF NOT EXISTS `muu_re_comments_records` (
  `ID_Comment2Application` mediumint(8) unsigned NOT NULL DEFAULT '0',
  `ID_Record` mediumint(8) unsigned NOT NULL DEFAULT '0',
  KEY `ID_Comment2Application` (`ID_Comment2Application`)
) ENGINE=InnoDB DEFAULT CHARSET=utf8;

--
-- Volcar la base de datos para la tabla `muu_re_comments_records`
--


-- --------------------------------------------------------

--
-- Estructura de tabla para la tabla `muu_re_hotels_amenities`
--

CREATE TABLE IF NOT EXISTS `muu_re_hotels_amenities` (
  `ID_Amenity` mediumint(8) unsigned NOT NULL,
  `ID_Hotel` mediumint(8) unsigned NOT NULL,
  KEY `fk_muu_re_hotels_amenities_1` (`ID_Amenity`),
  KEY `fk_muu_re_hotels_amenities_2` (`ID_Hotel`)
) ENGINE=InnoDB DEFAULT CHARSET=latin1;

--
-- Volcar la base de datos para la tabla `muu_re_hotels_amenities`
--


-- --------------------------------------------------------

--
-- Estructura de tabla para la tabla `muu_re_hotels_rates`
--

CREATE TABLE IF NOT EXISTS `muu_re_hotels_rates` (
  `ID_Rate` mediumint(8) unsigned NOT NULL,
  `ID_Hotel` mediumint(8) unsigned NOT NULL,
  KEY `fk_muu_re_hotels_rates_1` (`ID_Rate`),
  KEY `fk_muu_re_hotels_rates_2` (`ID_Hotel`)
) ENGINE=InnoDB DEFAULT CHARSET=latin1;

--
-- Volcar la base de datos para la tabla `muu_re_hotels_rates`
--


-- --------------------------------------------------------

--
-- Estructura de tabla para la tabla `muu_re_hotels_rooms`
--

CREATE TABLE IF NOT EXISTS `muu_re_hotels_rooms` (
  `ID_Room` mediumint(8) unsigned NOT NULL,
  `ID_Hotel` mediumint(8) unsigned NOT NULL,
  KEY `fk_muu_re_hotels_rooms_1` (`ID_Room`),
  KEY `fk_muu_re_hotels_rooms_2` (`ID_Hotel`)
) ENGINE=InnoDB DEFAULT CHARSET=latin1;

--
-- Volcar la base de datos para la tabla `muu_re_hotels_rooms`
--


-- --------------------------------------------------------

--
-- Estructura de tabla para la tabla `muu_re_permissions_privileges`
--

CREATE TABLE IF NOT EXISTS `muu_re_permissions_privileges` (
  `ID_Privilege` mediumint(8) unsigned NOT NULL DEFAULT '0',
  `ID_Application` mediumint(8) unsigned NOT NULL DEFAULT '0',
  `Adding` tinyint(1) NOT NULL DEFAULT '0',
  `Deleting` tinyint(1) NOT NULL DEFAULT '0',
  `Editing` tinyint(1) NOT NULL DEFAULT '0',
  `Viewing` tinyint(1) NOT NULL DEFAULT '0',
  KEY `ID_Privilege` (`ID_Privilege`),
  KEY `ID_Application` (`ID_Application`)
) ENGINE=InnoDB DEFAULT CHARSET=utf8;

--
-- Volcar la base de datos para la tabla `muu_re_permissions_privileges`
--

INSERT INTO `muu_re_permissions_privileges` (`ID_Privilege`, `ID_Application`, `Adding`, `Deleting`, `Editing`, `Viewing`) VALUES
(1, 1, 1, 1, 1, 1),
(1, 2, 1, 1, 1, 1),
(1, 3, 1, 1, 1, 1),
(1, 4, 1, 1, 1, 1),
(1, 5, 1, 1, 1, 1),
(1, 6, 1, 1, 1, 1),
(1, 7, 1, 1, 1, 1),
(1, 8, 1, 1, 1, 1),
(1, 9, 1, 1, 1, 1),
(1, 10, 1, 1, 1, 1),
(1, 11, 1, 1, 1, 1),
(1, 12, 1, 1, 1, 1),
(1, 13, 1, 1, 1, 1),
(1, 14, 1, 1, 1, 1),
(1, 15, 1, 1, 1, 1),
(1, 16, 1, 1, 1, 1),
(1, 17, 1, 1, 1, 1),
(1, 18, 1, 1, 1, 1),
(1, 19, 1, 1, 1, 1),
(2, 1, 1, 1, 1, 1),
(2, 2, 0, 0, 0, 0),
(2, 3, 1, 1, 1, 1),
(2, 4, 1, 1, 1, 1),
(2, 5, 0, 0, 0, 0),
(2, 6, 0, 0, 0, 0),
(2, 7, 0, 0, 0, 1),
(2, 8, 1, 1, 1, 1),
(2, 9, 1, 1, 1, 1),
(2, 10, 1, 1, 1, 1),
(2, 11, 1, 0, 1, 1),
(2, 12, 1, 1, 1, 1),
(2, 13, 1, 0, 0, 0),
(2, 14, 1, 1, 1, 1),
(2, 15, 1, 1, 1, 1),
(2, 16, 1, 1, 1, 1),
(2, 17, 1, 1, 1, 1),
(2, 18, 1, 1, 1, 1),
(2, 19, 1, 1, 1, 1),
(3, 1, 0, 0, 0, 0),
(3, 2, 0, 0, 0, 0),
(3, 3, 1, 0, 0, 1),
(3, 4, 1, 0, 0, 0),
(3, 5, 0, 0, 0, 0),
(3, 6, 0, 0, 0, 0),
(3, 7, 0, 0, 0, 0),
(3, 8, 1, 0, 0, 1),
(3, 9, 0, 0, 0, 0),
(3, 10, 0, 0, 0, 0),
(3, 11, 1, 0, 0, 1),
(3, 12, 0, 0, 0, 0),
(3, 13, 0, 0, 0, 0),
(3, 14, 0, 0, 0, 0),
(3, 15, 1, 0, 0, 1),
(3, 16, 1, 0, 0, 1),
(3, 17, 0, 0, 0, 0),
(3, 18, 1, 0, 0, 1),
(3, 19, 0, 0, 0, 0),
(4, 1, 0, 0, 0, 0),
(4, 2, 0, 0, 0, 0),
(4, 3, 0, 0, 0, 0),
(4, 4, 0, 0, 0, 0),
(4, 5, 0, 0, 0, 0),
(4, 6, 0, 0, 0, 0),
(4, 7, 0, 0, 0, 0),
(4, 8, 0, 0, 0, 0),
(4, 9, 0, 0, 0, 0),
(4, 10, 0, 0, 0, 0),
(4, 11, 0, 0, 0, 0),
(4, 12, 0, 0, 0, 0),
(4, 13, 0, 0, 0, 0),
(4, 14, 0, 0, 0, 0),
(4, 15, 0, 0, 0, 0),
(4, 16, 0, 0, 0, 0),
(4, 17, 0, 0, 0, 0),
(4, 18, 0, 0, 0, 0),
(4, 19, 0, 0, 0, 0),
(1, 20, 1, 1, 1, 1);

-- --------------------------------------------------------

--
-- Estructura de tabla para la tabla `muu_re_privileges_users`
--

CREATE TABLE IF NOT EXISTS `muu_re_privileges_users` (
  `ID_Privilege` mediumint(8) unsigned NOT NULL DEFAULT '0',
  `ID_User` mediumint(8) unsigned NOT NULL DEFAULT '0',
  KEY `ID_Privilege` (`ID_Privilege`),
  KEY `ID_User` (`ID_User`)
) ENGINE=InnoDB DEFAULT CHARSET=utf8;

--
-- Volcar la base de datos para la tabla `muu_re_privileges_users`
--

INSERT INTO `muu_re_privileges_users` (`ID_Privilege`, `ID_User`) VALUES
(1, 1);

-- --------------------------------------------------------

--
-- Estructura de tabla para la tabla `muu_re_tags_applications`
--

CREATE TABLE IF NOT EXISTS `muu_re_tags_applications` (
  `ID_Tag2Application` mediumint(8) unsigned NOT NULL AUTO_INCREMENT,
  `ID_Application` mediumint(8) unsigned NOT NULL,
  `ID_Tag` mediumint(8) unsigned NOT NULL,
  PRIMARY KEY (`ID_Tag2Application`),
  KEY `ID_Application` (`ID_Application`),
  KEY `ID_Tag` (`ID_Tag`)
) ENGINE=InnoDB  DEFAULT CHARSET=utf8 AUTO_INCREMENT=1 ;

-- --------------------------------------------------------

--
-- Estructura de tabla para la tabla `muu_re_tags_records`
--

CREATE TABLE IF NOT EXISTS `muu_re_tags_records` (
  `ID_Tag2Application` mediumint(8) unsigned NOT NULL,
  `ID_Record` mediumint(8) unsigned NOT NULL,
  KEY `ID_Tag2Application` (`ID_Tag2Application`)
) ENGINE=InnoDB DEFAULT CHARSET=utf8;

-- --------------------------------------------------------

--
-- Estructura de tabla para la tabla `muu_support`
--

CREATE TABLE IF NOT EXISTS `muu_support` (
  `ID_Ticket` mediumint(8) unsigned NOT NULL AUTO_INCREMENT,
  `ID_User` mediumint(8) unsigned NOT NULL DEFAULT '0',
  `ID_Parent` mediumint(8) unsigned NOT NULL DEFAULT '0',
  `Title` varchar(250) NOT NULL,
  `Slug` varchar(250) NOT NULL,
  `Content` text NOT NULL,
  `Image` varchar(255) NOT NULL,
  `Code` varchar(10) NOT NULL,
  `Start_Date` int(11) NOT NULL DEFAULT '0',
  `Text_Date` varchar(40) NOT NULL,
  `Situation` varchar(15) NOT NULL DEFAULT 'Active',
  PRIMARY KEY (`ID_Ticket`),
  KEY `ID_User` (`ID_User`)
) ENGINE=InnoDB DEFAULT CHARSET=utf8 AUTO_INCREMENT=1 ;

--
-- Volcar la base de datos para la tabla `muu_support`
--


-- --------------------------------------------------------

--
-- Estructura de tabla para la tabla `muu_tags`
--

CREATE TABLE IF NOT EXISTS `muu_tags` (
  `ID_Tag` mediumint(8) unsigned NOT NULL AUTO_INCREMENT,
  `Title` varchar(255) NOT NULL,
  `Slug` varchar(255) NOT NULL,
  `Situation` varchar(15) NOT NULL DEFAULT 'Acitve',
  PRIMARY KEY (`ID_Tag`)
) ENGINE=InnoDB  DEFAULT CHARSET=utf8 AUTO_INCREMENT=1 ;

-- --------------------------------------------------------

--
-- Estructura de tabla para la tabla `muu_tokens`
--

CREATE TABLE IF NOT EXISTS `muu_tokens` (
  `ID_Token` int(11) unsigned NOT NULL AUTO_INCREMENT,
  `ID_User` mediumint(8) unsigned NOT NULL DEFAULT '0',
  `Token` varchar(40) NOT NULL,
  `Action` varchar(50) NOT NULL,
  `Start_Date` int(11) unsigned NOT NULL DEFAULT '0',
  `End_Date` int(11) unsigned NOT NULL DEFAULT '0',
  `Situation` varchar(10) NOT NULL DEFAULT 'Active',
  PRIMARY KEY (`ID_Token`),
  KEY `ID_User` (`ID_User`)
) ENGINE=InnoDB DEFAULT CHARSET=utf8 AUTO_INCREMENT=1 ;

--
-- Volcar la base de datos para la tabla `muu_tokens`
--


-- --------------------------------------------------------

--
-- Estructura de tabla para la tabla `muu_url`
--

CREATE TABLE IF NOT EXISTS `muu_url` (
  `ID_URL` mediumint(8) unsigned NOT NULL AUTO_INCREMENT,
  `URL` varchar(255) NOT NULL,
  `Situation` varchar(15) NOT NULL DEFAULT 'Active',
  PRIMARY KEY (`ID_URL`)
) ENGINE=InnoDB  DEFAULT CHARSET=utf8 AUTO_INCREMENT=1 ;


CREATE TABLE IF NOT EXISTS `muu_users` (
  `ID_User` mediumint(8) unsigned NOT NULL AUTO_INCREMENT,
  `Username` varchar(30) NOT NULL,
  `Pwd` varchar(40) NOT NULL,
  `Email` varchar(45) NOT NULL,
  `Website` varchar(100) NOT NULL,
  `Avatar` varchar(200) NOT NULL,
  `Rank` varchar(30) NOT NULL DEFAULT 'Member',
  `Sign` text NOT NULL,
  `Messages` mediumint(8) unsigned NOT NULL DEFAULT '0',
  `Recieve_Messages` tinyint(1) NOT NULL DEFAULT '1',
  `Topics` mediumint(8) unsigned NOT NULL DEFAULT '0',
  `Replies` mediumint(8) unsigned NOT NULL DEFAULT '0',
  `Visits` mediumint(8) unsigned NOT NULL DEFAULT '0',
  `Comments` mediumint(8) unsigned NOT NULL DEFAULT '0',
  `Subscribed` tinyint(1) NOT NULL DEFAULT '0',
  `Start_Date` int(11) NOT NULL,
  `Code` varchar(10) NOT NULL,
  `God` tinyint(1) NOT NULL DEFAULT '0',
  `Privilege` varchar(50) NOT NULL DEFAULT 'Member',
  `Type` varchar(30) NOT NULL DEFAULT 'Normal',
  `Situation` varchar(15) NOT NULL DEFAULT 'Active',
  PRIMARY KEY (`ID_User`)
) ENGINE=InnoDB  DEFAULT CHARSET=utf8 AUTO_INCREMENT=2 ;

--
-- Volcar la base de datos para la tabla `muu_users`
--

INSERT INTO `muu_users` (`ID_User`, `Username`, `Pwd`, `Email`, `Website`, `Avatar`, `Rank`, `Sign`, `Messages`, `Recieve_Messages`, `Topics`, `Replies`, `Visits`, `Comments`, `Subscribed`, `Start_Date`, `Code`, `God`, `Privilege`, `Type`, `Situation`) VALUES
(1, 'admin', 'b9223847e1566884893656e84798ff39cea2b8c4', 'carlos@milkzoft.com', 'www.facebook.com', '', 'Administrator', '', 0, 1, 9, 1, 92, 0, 0, 1304740493, '3628FB9CC0', 1, 'Super Admin', 'Normal', 'Active');

-- --------------------------------------------------------

--
-- Estructura de tabla para la tabla `muu_users_information`
--

CREATE TABLE IF NOT EXISTS `muu_users_information` (
  `ID_User_Information` mediumint(8) unsigned NOT NULL AUTO_INCREMENT,
  `ID_User` mediumint(8) unsigned NOT NULL DEFAULT '0',
  `Name` varchar(60) NOT NULL,
  `Phone` varchar(15) NOT NULL,
  `Company` varchar(50) NOT NULL,
  `Gender` varchar(20) NOT NULL,
  `Birthday` varchar(20) NOT NULL,
  `Country` varchar(50) NOT NULL,
  `District` varchar(50) NOT NULL,
  `Town` varchar(50) NOT NULL,
  `Facebook` varchar(100) NOT NULL,
  `Twitter` varchar(100) NOT NULL,
  `Linkedin` varchar(150) NOT NULL,
  `Google` varchar(150) NOT NULL,
  PRIMARY KEY (`ID_User_Information`),
  KEY `ID_User` (`ID_User`)
) ENGINE=InnoDB  DEFAULT CHARSET=utf8 AUTO_INCREMENT=2 ;

--
-- Volcar la base de datos para la tabla `muu_users_information`
--

INSERT INTO `muu_users_information` (`ID_User_Information`, `ID_User`, `Name`, `Phone`, `Company`, `Gender`, `Birthday`, `Country`, `District`, `Town`, `Facebook`, `Twitter`, `Linkedin`, `Google`) VALUES
(1, 1, 'Admin', '', 'MilkZoft', 'Male', '11/09/1991', 'México', 'Colima', 'Colima', 'czantany', 'czantany', 'dasdadsa', '1241241241241241');

-- --------------------------------------------------------

--
-- Estructura de tabla para la tabla `muu_users_online`
--

CREATE TABLE IF NOT EXISTS `muu_users_online` (
  `User` varchar(20) NOT NULL DEFAULT '',
  `Start_Date` int(10) unsigned NOT NULL DEFAULT '0',
  PRIMARY KEY (`User`),
  KEY `Date_Start` (`Start_Date`)
) ENGINE=InnoDB DEFAULT CHARSET=utf8;

-- --------------------------------------------------------

--
-- Estructura de tabla para la tabla `muu_users_online_anonymous`
--

CREATE TABLE IF NOT EXISTS `muu_users_online_anonymous` (
  `IP` varchar(20) NOT NULL DEFAULT '',
  `Start_Date` int(10) unsigned NOT NULL DEFAULT '0',
  PRIMARY KEY (`IP`),
  KEY `Date_Start` (`Start_Date`)
) ENGINE=InnoDB DEFAULT CHARSET=utf8;

--
-- Volcar la base de datos para la tabla `muu_users_online_anonymous`
--


-- --------------------------------------------------------

--
-- Estructura de tabla para la tabla `muu_videos`
--

CREATE TABLE IF NOT EXISTS `muu_videos` (
  `ID_Video` mediumint(8) unsigned NOT NULL AUTO_INCREMENT,
  `ID_User` mediumint(8) unsigned NOT NULL DEFAULT '0',
  `ID_YouTube` varchar(20) NOT NULL,
  `Title` varchar(150) NOT NULL,
  `Slug` varchar(150) NOT NULL,
  `Description` varchar(250) NOT NULL,
  `URL` varchar(250) NOT NULL,
  `Server` varchar(25) NOT NULL DEFAULT 'YouTube',
  `Duration` varchar(10) NOT NULL,
  `Views` mediumint(8) unsigned NOT NULL DEFAULT '0',
  `Start_Date` int(11) NOT NULL,
  `Text_Date` varchar(40) NOT NULL,
  `Situation` varchar(15) NOT NULL DEFAULT 'Active',
  PRIMARY KEY (`ID_Video`),
  KEY `ID_User` (`ID_User`)
) ENGINE=InnoDB  DEFAULT CHARSET=utf8 AUTO_INCREMENT=1 ;



CREATE TABLE IF NOT EXISTS `muu_works` (
  `ID_Work` mediumint(8) unsigned NOT NULL AUTO_INCREMENT,
  `Title` varchar(100) NOT NULL,
  `Slug` varchar(100) NOT NULL,
  `Preview1` varchar(200) NOT NULL,
  `Preview2` varchar(200) NOT NULL,
  `Image` varchar(200) NOT NULL,
  `URL` varchar(100) NOT NULL,
  `Description` text NOT NULL,
  `Situation` varchar(10) NOT NULL DEFAULT 'Active',
  PRIMARY KEY (`ID_Work`)
) ENGINE=InnoDB DEFAULT CHARSET=utf8 AUTO_INCREMENT=1 ;

--
-- Volcar la base de datos para la tabla `muu_works`
--


-- --------------------------------------------------------

--
-- Estructura de tabla para la tabla `muu_world`
--

CREATE TABLE IF NOT EXISTS `muu_world` (
  `Continent` varchar(20) NOT NULL,
  `Code` varchar(5) NOT NULL,
  `Country` varchar(100) NOT NULL,
  `District` varchar(100) NOT NULL,
  `Town` varchar(100) NOT NULL,
  KEY `District` (`District`)
) ENGINE=InnoDB DEFAULT CHARSET=utf8;

--
-- Volcar la base de datos para la tabla `muu_world`
--

INSERT INTO `muu_world` (`Continent`, `Code`, `Country`, `District`, `Town`) VALUES
('America', 'ARG', 'Argentina', 'Buenos Aires', ''),
('America', 'ARG', 'Argentina', 'Catamarca', ''),
('America', 'ARG', 'Argentina', 'Chaco', ''),
('America', 'ARG', 'Argentina', 'Chubut', ''),
('America', 'ARG', 'Argentina', 'C', ''),
('America', 'ARG', 'Argentina', 'Corrientes', ''),
('America', 'ARG', 'Argentina', 'Distrito Federal', ''),
('America', 'ARG', 'Argentina', 'Entre Rios', ''),
('America', 'ARG', 'Argentina', 'Formosa', ''),
('America', 'ARG', 'Argentina', 'Jujuy', ''),
('America', 'ARG', 'Argentina', 'La Rioja', ''),
('America', 'ARG', 'Argentina', 'Mendoza', ''),
('America', 'ARG', 'Argentina', 'Misiones', ''),
('America', 'ARG', 'Argentina', 'Neuqu', ''),
('America', 'ARG', 'Argentina', 'Salta', ''),
('America', 'ARG', 'Argentina', 'San Juan', ''),
('America', 'ARG', 'Argentina', 'San Luis', ''),
('America', 'ARG', 'Argentina', 'Santa F', ''),
('America', 'ARG', 'Argentina', 'Santiago del Estero', ''),
('America', 'ARG', 'Argentina', 'Tucum', ''),
('America', 'BLZ', 'Belize', 'Belize City', ''),
('America', 'BLZ', 'Belize', 'Cayo', ''),
('America', 'BOL', 'Bolivia', 'Chuquisaca', ''),
('America', 'BOL', 'Bolivia', 'Cochabamba', ''),
('America', 'BOL', 'Bolivia', 'La Paz', ''),
('America', 'BOL', 'Bolivia', 'Oruro', ''),
('America', 'BOL', 'Bolivia', 'Potos', ''),
('America', 'BOL', 'Bolivia', 'Santa Cruz', ''),
('America', 'BOL', 'Bolivia', 'Tarija', ''),
('America', 'BRA', 'Brazil', 'Acre', ''),
('America', 'BRA', 'Brazil', 'Alagoas', ''),
('America', 'BRA', 'Brazil', 'Amap', ''),
('America', 'BRA', 'Brazil', 'Amazonas', ''),
('America', 'BRA', 'Brazil', 'Bahia', ''),
('America', 'BRA', 'Brazil', 'Cear', ''),
('America', 'BRA', 'Brazil', 'Distrito Federal', ''),
('America', 'BRA', 'Brazil', 'Esp', ''),
('America', 'BRA', 'Brazil', 'Goi', ''),
('America', 'BRA', 'Brazil', 'Maranh', ''),
('America', 'BRA', 'Brazil', 'Mato Grosso', ''),
('America', 'BRA', 'Brazil', 'Mato Grosso do Sul', ''),
('America', 'BRA', 'Brazil', 'Minas Gerais', ''),
('America', 'BRA', 'Brazil', 'Par', ''),
('America', 'BRA', 'Brazil', 'Para', ''),
('America', 'BRA', 'Brazil', 'Paran', ''),
('America', 'BRA', 'Brazil', 'Pernambuco', ''),
('America', 'BRA', 'Brazil', 'Piau', ''),
('America', 'BRA', 'Brazil', 'Rio de Janeiro', ''),
('America', 'BRA', 'Brazil', 'Rio Grande do Norte', ''),
('America', 'BRA', 'Brazil', 'Rio Grande do Sul', ''),
('America', 'BRA', 'Brazil', 'Rond', ''),
('America', 'BRA', 'Brazil', 'Roraima', ''),
('America', 'BRA', 'Brazil', 'Santa Catarina', ''),
('America', 'BRA', 'Brazil', 'S', ''),
('America', 'BRA', 'Brazil', 'Sergipe', ''),
('America', 'BRA', 'Brazil', 'Tocantins', ''),
('America', 'CAN', 'Canada', 'Alberta', ''),
('America', 'CAN', 'Canada', 'British Colombia', ''),
('America', 'CAN', 'Canada', 'Manitoba', ''),
('America', 'CAN', 'Canada', 'Newfoundland', ''),
('America', 'CAN', 'Canada', 'Nova Scotia', ''),
('America', 'CAN', 'Canada', 'Ontario', ''),
('America', 'CAN', 'Canada', 'Qu', ''),
('America', 'CAN', 'Canada', 'Saskatchewan', ''),
('America', 'CHL', 'Chile', 'Antofagasta', ''),
('America', 'CHL', 'Chile', 'Atacama', ''),
('America', 'CHL', 'Chile', 'B', ''),
('America', 'CHL', 'Chile', 'Coquimbo', ''),
('America', 'CHL', 'Chile', 'La Araucan', ''),
('America', 'CHL', 'Chile', 'Los Lagos', ''),
('America', 'CHL', 'Chile', 'Magallanes', ''),
('America', 'CHL', 'Chile', 'Maule', ''),
('America', 'CHL', 'Chile', 'Santiago', ''),
('America', 'CHL', 'Chile', 'Tarapac', ''),
('America', 'CHL', 'Chile', 'Valpara', ''),
('America', 'COL', 'Colombia', 'Antioquia', ''),
('America', 'COL', 'Colombia', 'Atl', ''),
('America', 'COL', 'Colombia', 'Bol', ''),
('America', 'COL', 'Colombia', 'Boyac', ''),
('America', 'COL', 'Colombia', 'Caldas', ''),
('America', 'COL', 'Colombia', 'Caquet', ''),
('America', 'COL', 'Colombia', 'Cauca', ''),
('America', 'COL', 'Colombia', 'Cesar', ''),
('America', 'COL', 'Colombia', 'C', ''),
('America', 'COL', 'Colombia', 'Cundinamarca', ''),
('America', 'COL', 'Colombia', 'Huila', ''),
('America', 'COL', 'Colombia', 'La Guajira', ''),
('America', 'COL', 'Colombia', 'Magdalena', ''),
('America', 'COL', 'Colombia', 'Meta', ''),
('America', 'COL', 'Colombia', 'Norte de Santander', ''),
('America', 'COL', 'Colombia', 'Quind', ''),
('America', 'COL', 'Colombia', 'Risaralda', ''),
('America', 'COL', 'Colombia', 'Santaf', ''),
('America', 'COL', 'Colombia', 'Santander', ''),
('America', 'COL', 'Colombia', 'Sucre', ''),
('America', 'COL', 'Colombia', 'Tolima', ''),
('America', 'COL', 'Colombia', 'Valle', ''),
('America', 'CRI', 'Costa Rica', 'San Jos', ''),
('America', 'CUB', 'Cuba', 'Ciego de ', ''),
('America', 'CUB', 'Cuba', 'Cienfuegos', ''),
('America', 'CUB', 'Cuba', 'Granma', ''),
('America', 'CUB', 'Cuba', 'Guant', ''),
('America', 'CUB', 'Cuba', 'Holgu', ''),
('America', 'CUB', 'Cuba', 'La Habana', ''),
('America', 'CUB', 'Cuba', 'Las Tunas', ''),
('America', 'CUB', 'Cuba', 'Matanzas', ''),
('America', 'CUB', 'Cuba', 'Pinar del R', ''),
('America', 'CUB', 'Cuba', 'Santiago de Cuba', ''),
('America', 'CUB', 'Cuba', 'Villa Clara', ''),
('America', 'CYM', 'Cayman Islands', 'Grand Cayman', ''),
('America', 'DMA', 'Dominica', 'St George', ''),
('America', 'DOM', 'Dominican Republic', 'Distrito Nacional', ''),
('America', 'DOM', 'Dominican Republic', 'Duarte', ''),
('America', 'DOM', 'Dominican Republic', 'La Romana', ''),
('America', 'DOM', 'Dominican Republic', 'Puerto Plata', ''),
('America', 'DOM', 'Dominican Republic', 'San Pedro de Macor', ''),
('America', 'DOM', 'Dominican Republic', 'Santiago', ''),
('America', 'ECU', 'Ecuador', 'Azuay', ''),
('America', 'ECU', 'Ecuador', 'Chimborazo', ''),
('America', 'ECU', 'Ecuador', 'El Oro', ''),
('America', 'ECU', 'Ecuador', 'Esmeraldas', ''),
('America', 'ECU', 'Ecuador', 'Guayas', ''),
('America', 'ECU', 'Ecuador', 'Imbabura', ''),
('America', 'ECU', 'Ecuador', 'Loja', ''),
('America', 'ECU', 'Ecuador', 'Los R', ''),
('America', 'ECU', 'Ecuador', 'Manab', ''),
('America', 'ECU', 'Ecuador', 'Pichincha', ''),
('America', 'ECU', 'Ecuador', 'Tungurahua', ''),
('America', 'SLV', 'El Salvador', 'La Libertad', ''),
('America', 'SLV', 'El Salvador', 'San Miguel', ''),
('America', 'SLV', 'El Salvador', 'San Salvador', ''),
('America', 'SLV', 'El Salvador', 'Santa Ana', ''),
('America', 'GTM', 'Guatemala', 'Guatemala', ''),
('America', 'GTM', 'Guatemala', 'Quetzaltenango', ''),
('America', 'HND', 'Honduras', 'Atl', ''),
('America', 'HND', 'Honduras', 'Cort', ''),
('America', 'HND', 'Honduras', 'Distrito Central', ''),
('America', 'MEX', 'Mexico', 'Aguascalientes', ''),
('America', 'MEX', 'Mexico', 'Baja California', ''),
('America', 'MEX', 'Mexico', 'Baja California Sur', ''),
('America', 'MEX', 'Mexico', 'Campeche', ''),
('America', 'MEX', 'Mexico', 'Chiapas', ''),
('America', 'MEX', 'Mexico', 'Chihuahua', ''),
('America', 'MEX', 'Mexico', 'Coahuila de Zaragoza', ''),
('America', 'MEX', 'Mexico', 'Colima', ''),
('America', 'MEX', 'Mexico', 'Colima', 'Armer'),
('America', 'MEX', 'Mexico', 'Colima', 'Colima'),
('America', 'MEX', 'Mexico', 'Colima', 'Comala'),
('America', 'MEX', 'Mexico', 'Colima', 'Coquimatl'),
('America', 'MEX', 'Mexico', 'Colima', 'Cuauht'),
('America', 'MEX', 'Mexico', 'Colima', 'Ixtlahuac'),
('America', 'MEX', 'Mexico', 'Colima', 'Manzanillo'),
('America', 'MEX', 'Mexico', 'Colima', 'Minatitl'),
('America', 'MEX', 'Mexico', 'Colima', 'Tecom'),
('America', 'MEX', 'Mexico', 'Colima', 'Villa de '),
('America', 'MEX', 'Mexico', 'Distrito Federal', ''),
('America', 'MEX', 'Mexico', 'Durango', ''),
('America', 'MEX', 'Mexico', 'Guanajuato', ''),
('America', 'MEX', 'Mexico', 'Guerrero', ''),
('America', 'MEX', 'Mexico', 'Hidalgo', ''),
('America', 'MEX', 'Mexico', 'Jalisco', ''),
('America', 'MEX', 'Mexico', 'M', ''),
('America', 'MEX', 'Mexico', 'Michoac', ''),
('America', 'MEX', 'Mexico', 'Morelos', ''),
('America', 'MEX', 'Mexico', 'Nayarit', ''),
('America', 'MEX', 'Mexico', 'Nuevo Le', ''),
('America', 'MEX', 'Mexico', 'Oaxaca', ''),
('America', 'MEX', 'Mexico', 'Puebla', ''),
('America', 'MEX', 'Mexico', 'Quer', ''),
('America', 'MEX', 'Mexico', 'Quer', ''),
('America', 'MEX', 'Mexico', 'Quintana Roo', ''),
('America', 'MEX', 'Mexico', 'San Luis Potos', ''),
('America', 'MEX', 'Mexico', 'Sinaloa', ''),
('America', 'MEX', 'Mexico', 'Sonora', ''),
('America', 'MEX', 'Mexico', 'Tabasco', ''),
('America', 'MEX', 'Mexico', 'Tamaulipas', ''),
('America', 'MEX', 'Mexico', 'Veracruz', ''),
('America', 'MEX', 'Mexico', 'Yucat', ''),
('America', 'MEX', 'Mexico', 'Zacatecas', ''),
('America', 'NIC', 'Nicaragua', 'Chinandega', ''),
('America', 'NIC', 'Nicaragua', 'Le', ''),
('America', 'NIC', 'Nicaragua', 'Managua', ''),
('America', 'NIC', 'Nicaragua', 'Masaya', ''),
('America', 'PAN', 'Panama', 'Panam', ''),
('America', 'PAN', 'Panama', 'San Miguelito', ''),
('America', 'PER', 'Peru', 'Ancash', ''),
('America', 'PER', 'Peru', 'Arequipa', ''),
('America', 'PER', 'Peru', 'Ayacucho', ''),
('America', 'PER', 'Peru', 'Cajamarca', ''),
('America', 'PER', 'Peru', 'Callao', ''),
('America', 'PER', 'Peru', 'Cusco', ''),
('America', 'PER', 'Peru', 'Huanuco', ''),
('America', 'PER', 'Peru', 'Ica', ''),
('America', 'PER', 'Peru', 'Jun', ''),
('America', 'PER', 'Peru', 'La Libertad', ''),
('America', 'PER', 'Peru', 'Lambayeque', ''),
('America', 'PER', 'Peru', 'Lima', ''),
('America', 'PER', 'Peru', 'Loreto', ''),
('America', 'PER', 'Peru', 'Piura', ''),
('America', 'PER', 'Peru', 'Puno', ''),
('America', 'PER', 'Peru', 'Tacna', ''),
('America', 'PER', 'Peru', 'Ucayali', ''),
('America', 'PRI', 'Puerto Rico', 'Arecibo', ''),
('America', 'PRI', 'Puerto Rico', 'Bayam', ''),
('America', 'PRI', 'Puerto Rico', 'Caguas', ''),
('America', 'PRI', 'Puerto Rico', 'Carolina', ''),
('America', 'PRI', 'Puerto Rico', 'Guaynabo', ''),
('America', 'PRI', 'Puerto Rico', 'Ponce', ''),
('America', 'PRI', 'Puerto Rico', 'San Juan', ''),
('America', 'PRI', 'Puerto Rico', 'Toa Baja', ''),
('America', 'PRY', 'Paraguay', 'Alto Paran', ''),
('America', 'PRY', 'Paraguay', 'Asunci', ''),
('America', 'PRY', 'Paraguay', 'Central', ''),
('America', 'URY', 'Uruguay', 'Montevideo', ''),
('America', 'USA', 'United Situations', 'Alabama', ''),
('America', 'USA', 'United Situations', 'Alaska', ''),
('America', 'USA', 'United Situations', 'Arizona', ''),
('America', 'USA', 'United Situations', 'Arkansas', ''),
('America', 'USA', 'United Situations', 'California', ''),
('America', 'USA', 'United Situations', 'Colorado', ''),
('America', 'USA', 'United Situations', 'Connecticut', ''),
('America', 'USA', 'United Situations', 'District of Columbia', ''),
('America', 'USA', 'United Situations', 'Florida', ''),
('America', 'USA', 'United Situations', 'Georgia', ''),
('America', 'USA', 'United Situations', 'Hawaii', ''),
('America', 'USA', 'United Situations', 'Idaho', ''),
('America', 'USA', 'United Situations', 'Illinois', ''),
('America', 'USA', 'United Situations', 'Indiana', ''),
('America', 'USA', 'United Situations', 'Iowa', ''),
('America', 'USA', 'United Situations', 'Kansas', ''),
('America', 'USA', 'United Situations', 'Kentucky', ''),
('America', 'USA', 'United Situations', 'Louisiana', ''),
('America', 'USA', 'United Situations', 'Maryland', ''),
('America', 'USA', 'United Situations', 'Massachusetts', ''),
('America', 'USA', 'United Situations', 'Michigan', ''),
('America', 'USA', 'United Situations', 'Minnesota', ''),
('America', 'USA', 'United Situations', 'Mississippi', ''),
('America', 'USA', 'United Situations', 'Missouri', ''),
('America', 'USA', 'United Situations', 'Montana', ''),
('America', 'USA', 'United Situations', 'Nebraska', ''),
('America', 'USA', 'United Situations', 'Nevada', ''),
('America', 'USA', 'United Situations', 'New Hampshire', ''),
('America', 'USA', 'United Situations', 'New Jersey', ''),
('America', 'USA', 'United Situations', 'New Mexico', ''),
('America', 'USA', 'United Situations', 'New York', ''),
('America', 'USA', 'United Situations', 'North Carolina', ''),
('America', 'USA', 'United Situations', 'Ohio', ''),
('America', 'USA', 'United Situations', 'Oklahoma', ''),
('America', 'USA', 'United Situations', 'Oregon', ''),
('America', 'USA', 'United Situations', 'Pennsylvania', ''),
('America', 'USA', 'United Situations', 'Rhode Island', ''),
('America', 'USA', 'United Situations', 'South Carolina', ''),
('America', 'USA', 'United Situations', 'South Dakota', ''),
('America', 'USA', 'United Situations', 'Tennessee', ''),
('America', 'USA', 'United Situations', 'Texas', ''),
('America', 'USA', 'United Situations', 'Utah', ''),
('America', 'USA', 'United Situations', 'Virginia', ''),
('America', 'USA', 'United Situations', 'Washington', ''),
('America', 'USA', 'United Situations', 'Wisconsin', ''),
('America', 'VEN', 'Venezuela', 'Anzo', ''),
('America', 'VEN', 'Venezuela', 'Apure', ''),
('America', 'VEN', 'Venezuela', 'Aragua', ''),
('America', 'VEN', 'Venezuela', 'Barinas', ''),
('America', 'VEN', 'Venezuela', 'Bol', ''),
('America', 'VEN', 'Venezuela', 'Carabobo', ''),
('America', 'VEN', 'Venezuela', 'Distrito Federal', ''),
('America', 'VEN', 'Venezuela', 'Falc', ''),
('America', 'VEN', 'Venezuela', 'Gu', ''),
('America', 'VEN', 'Venezuela', 'Lara', ''),
('America', 'VEN', 'Venezuela', 'M', ''),
('America', 'VEN', 'Venezuela', 'Miranda', ''),
('America', 'VEN', 'Venezuela', 'Monagas', ''),
('America', 'VEN', 'Venezuela', 'Portuguesa', ''),
('America', 'VEN', 'Venezuela', 'Sucre', ''),
('America', 'VEN', 'Venezuela', 'T', ''),
('America', 'VEN', 'Venezuela', 'Trujillo', ''),
('America', 'VEN', 'Venezuela', 'Yaracuy', ''),
('America', 'VEN', 'Venezuela', 'Zulia', ''),
('Europe', 'BEL', 'Belgium', 'Antwerpen', ''),
('Europe', 'BEL', 'Belgium', 'Bryssel', ''),
('Europe', 'BEL', 'Belgium', 'East Flanderi', ''),
('Europe', 'BEL', 'Belgium', 'Hainaut', ''),
('Europe', 'BEL', 'Belgium', 'Namur', ''),
('Europe', 'BEL', 'Belgium', 'West Flanderi', ''),
('Europe', 'FRA', 'France', 'Alsace', ''),
('Europe', 'FRA', 'France', 'Aquitaine', ''),
('Europe', 'FRA', 'France', 'Auvergne', ''),
('Europe', 'FRA', 'France', 'Basse-Normandie', ''),
('Europe', 'FRA', 'France', 'Bourgogne', ''),
('Europe', 'FRA', 'France', 'Bretagne', ''),
('Europe', 'FRA', 'France', 'Centre', ''),
('Europe', 'FRA', 'France', 'Limousin', ''),
('Europe', 'FRA', 'France', 'Lorraine', ''),
('Europe', 'FRA', 'France', 'Pays de la Loire', ''),
('Europe', 'FRA', 'France', 'Picardie', ''),
('Europe', 'FRA', 'France', 'Rh', ''),
('Europe', 'DEU', 'Germany', 'Anhalt Sachsen', ''),
('Europe', 'DEU', 'Germany', 'Baijeri', ''),
('Europe', 'DEU', 'Germany', 'Berliini', ''),
('Europe', 'DEU', 'Germany', 'Brandenburg', ''),
('Europe', 'DEU', 'Germany', 'Bremen', ''),
('Europe', 'DEU', 'Germany', 'Hamburg', ''),
('Europe', 'DEU', 'Germany', 'Hessen', ''),
('Europe', 'DEU', 'Germany', 'Mecklenburg-Vorpomme', ''),
('Europe', 'DEU', 'Germany', 'Niedersachsen', ''),
('Europe', 'DEU', 'Germany', 'Nordrhein-Westfalen', ''),
('Europe', 'DEU', 'Germany', 'Rheinland-Pfalz', ''),
('Europe', 'DEU', 'Germany', 'Saarland', ''),
('Europe', 'DEU', 'Germany', 'Saksi', ''),
('Europe', 'DEU', 'Germany', 'Schleswig-Holstein', ''),
('Europe', 'ITA', 'Italy', 'Abruzzit', ''),
('Europe', 'ITA', 'Italy', 'Apulia', ''),
('Europe', 'ITA', 'Italy', 'Calabria', ''),
('Europe', 'ITA', 'Italy', 'Campania', ''),
('Europe', 'ITA', 'Italy', 'Emilia-Romagna', ''),
('Europe', 'ITA', 'Italy', 'Friuli-Venezia Giuli', ''),
('Europe', 'ITA', 'Italy', 'Latium', ''),
('Europe', 'ITA', 'Italy', 'Liguria', ''),
('Europe', 'ITA', 'Italy', 'Lombardia', ''),
('Europe', 'ITA', 'Italy', 'Marche', ''),
('Europe', 'ITA', 'Italy', 'Piemonte', ''),
('Europe', 'ITA', 'Italy', 'Sardinia', ''),
('Europe', 'ITA', 'Italy', 'Sisilia', ''),
('Europe', 'ITA', 'Italy', 'Toscana', ''),
('Europe', 'ITA', 'Italy', 'Umbria', ''),
('Europe', 'ITA', 'Italy', 'Veneto', ''),
('Europe', 'PRT', 'Portugal', 'Braga', ''),
('Europe', 'PRT', 'Portugal', 'Co', ''),
('Europe', 'PRT', 'Portugal', 'Lisboa', ''),
('Europe', 'PRT', 'Portugal', 'Porto', ''),
('Europe', 'ESP', 'Spain', 'Andalusia', ''),
('Europe', 'ESP', 'Spain', 'Aragonia', ''),
('Europe', 'ESP', 'Spain', 'Asturia', ''),
('Europe', 'ESP', 'Spain', 'Balears', ''),
('Europe', 'ESP', 'Spain', 'Baskimaa', ''),
('Europe', 'ESP', 'Spain', 'Canary Islands', ''),
('Europe', 'ESP', 'Spain', 'Cantabria', ''),
('Europe', 'ESP', 'Spain', 'Castilla and Le', ''),
('Europe', 'ESP', 'Spain', 'Extremadura', ''),
('Europe', 'ESP', 'Spain', 'Galicia', ''),
('Europe', 'ESP', 'Spain', 'Katalonia', ''),
('Europe', 'ESP', 'Spain', 'La Rioja', ''),
('Europe', 'ESP', 'Spain', 'Madrid', ''),
('Europe', 'ESP', 'Spain', 'Murcia', ''),
('Europe', 'ESP', 'Spain', 'Navarra', ''),
('Europe', 'ESP', 'Spain', 'Valencia', ''),
('Europe', 'CHE', 'Switzerland', 'Bern', ''),
('Europe', 'CHE', 'Switzerland', 'Geneve', ''),
('Europe', 'CHE', 'Switzerland', 'Vaud', ''),
('Europe', 'GBR', 'United Kingdom', 'England', ''),
('Europe', 'GBR', 'United Kingdom', 'Jersey', ''),
('Europe', 'GBR', 'United Kingdom', 'North Ireland', ''),
('Europe', 'GBR', 'United Kingdom', 'Scotland', ''),
('Europe', 'GBR', 'United Kingdom', 'Wales', ''),
('Oceania', 'AUS', 'Australia', 'Capital Region', ''),
('Oceania', 'AUS', 'Australia', 'New South Wales', ''),
('Oceania', 'AUS', 'Australia', 'Queensland', ''),
('Oceania', 'AUS', 'Australia', 'South Australia', ''),
('Oceania', 'AUS', 'Australia', 'Tasmania', ''),
('Oceania', 'AUS', 'Australia', 'Victoria', ''),
('Oceania', 'AUS', 'Australia', 'West Australia', ''),
('Oceania', 'NZL', 'New Zealand', 'Auckland', ''),
('Oceania', 'NZL', 'New Zealand', 'Canterbury', ''),
('Oceania', 'NZL', 'New Zealand', 'Dunedin', ''),
('Oceania', 'NZL', 'New Zealand', 'Hamilton', ''),
('Oceania', 'NZL', 'New Zealand', 'Wellington', '');

--
-- Filtros para las tablas descargadas (dump)
--

--
-- Filtros para la tabla `muu_ads`
--
ALTER TABLE `muu_ads`
  ADD CONSTRAINT `muu_ads_ibfk_1` FOREIGN KEY (`ID_User`) REFERENCES `muu_users` (`ID_User`) ON DELETE CASCADE ON UPDATE CASCADE;

--
-- Filtros para la tabla `muu_blog`
--
ALTER TABLE `muu_blog`
  ADD CONSTRAINT `muu_blog_ibfk_1` FOREIGN KEY (`ID_User`) REFERENCES `muu_users` (`ID_User`) ON DELETE CASCADE ON UPDATE CASCADE,
  ADD CONSTRAINT `muu_blog_ibfk_2` FOREIGN KEY (`ID_URL`) REFERENCES `muu_url` (`ID_URL`) ON DELETE CASCADE ON UPDATE CASCADE;

--
-- Filtros para la tabla `muu_forums_posts`
--
ALTER TABLE `muu_forums_posts`
  ADD CONSTRAINT `muu_forums_posts_ibfk_1` FOREIGN KEY (`ID_User`) REFERENCES `muu_users` (`ID_User`) ON DELETE CASCADE ON UPDATE CASCADE;

--
-- Filtros para la tabla `muu_gallery`
--
ALTER TABLE `muu_gallery`
  ADD CONSTRAINT `muu_gallery_ibfk_1` FOREIGN KEY (`ID_User`) REFERENCES `muu_users` (`ID_User`) ON DELETE CASCADE ON UPDATE CASCADE;

--
-- Filtros para la tabla `muu_links`
--
ALTER TABLE `muu_links`
  ADD CONSTRAINT `muu_links_ibfk_1` FOREIGN KEY (`ID_User`) REFERENCES `muu_users` (`ID_User`) ON DELETE CASCADE ON UPDATE CASCADE;

--
-- Filtros para la tabla `muu_logs`
--
ALTER TABLE `muu_logs`
  ADD CONSTRAINT `muu_logs_ibfk_1` FOREIGN KEY (`ID_User`) REFERENCES `muu_users` (`ID_User`) ON DELETE CASCADE ON UPDATE CASCADE;

--
-- Filtros para la tabla `muu_pages`
--
ALTER TABLE `muu_pages`
  ADD CONSTRAINT `muu_pages_ibfk_1` FOREIGN KEY (`ID_User`) REFERENCES `muu_users` (`ID_User`) ON DELETE CASCADE ON UPDATE CASCADE;

--
-- Filtros para la tabla `muu_polls`
--
ALTER TABLE `muu_polls`
  ADD CONSTRAINT `muu_polls_ibfk_1` FOREIGN KEY (`ID_User`) REFERENCES `muu_users` (`ID_User`) ON DELETE CASCADE ON UPDATE CASCADE;

--
-- Filtros para la tabla `muu_polls_answers`
--
ALTER TABLE `muu_polls_answers`
  ADD CONSTRAINT `muu_polls_answers_ibfk_1` FOREIGN KEY (`ID_Poll`) REFERENCES `muu_polls` (`ID_Poll`) ON DELETE CASCADE ON UPDATE CASCADE;

--
-- Filtros para la tabla `muu_polls_ips`
--
ALTER TABLE `muu_polls_ips`
  ADD CONSTRAINT `muu_polls_ips_ibfk_1` FOREIGN KEY (`ID_Poll`) REFERENCES `muu_polls` (`ID_Poll`) ON DELETE CASCADE ON UPDATE CASCADE;

--
-- Filtros para la tabla `muu_re_categories_records`
--
ALTER TABLE `muu_re_categories_records`
  ADD CONSTRAINT `muu_re_categories_records_ibfk_1` FOREIGN KEY (`ID_Category2Application`) REFERENCES `muu_re_categories_applications` (`ID_Category2Application`) ON DELETE CASCADE ON UPDATE CASCADE;

--
-- Filtros para la tabla `muu_re_comments_records`
--
ALTER TABLE `muu_re_comments_records`
  ADD CONSTRAINT `muu_re_comments_records_ibfk_1` FOREIGN KEY (`ID_Comment2Application`) REFERENCES `muu_re_comments_applications` (`ID_Comment2Application`) ON DELETE CASCADE ON UPDATE CASCADE;

--
-- Filtros para la tabla `muu_re_permissions_privileges`
--
ALTER TABLE `muu_re_permissions_privileges`
  ADD CONSTRAINT `muu_re_permissions_privileges_ibfk_1` FOREIGN KEY (`ID_Privilege`) REFERENCES `muu_privileges` (`ID_Privilege`) ON DELETE CASCADE ON UPDATE CASCADE,
  ADD CONSTRAINT `muu_re_permissions_privileges_ibfk_2` FOREIGN KEY (`ID_Application`) REFERENCES `muu_applications` (`ID_Application`) ON DELETE CASCADE ON UPDATE CASCADE;

--
-- Filtros para la tabla `muu_re_privileges_users`
--
ALTER TABLE `muu_re_privileges_users`
  ADD CONSTRAINT `muu_re_privileges_users_ibfk_1` FOREIGN KEY (`ID_Privilege`) REFERENCES `muu_privileges` (`ID_Privilege`) ON DELETE CASCADE ON UPDATE CASCADE,
  ADD CONSTRAINT `muu_re_privileges_users_ibfk_2` FOREIGN KEY (`ID_User`) REFERENCES `muu_users` (`ID_User`) ON DELETE CASCADE ON UPDATE CASCADE;

--
-- Filtros para la tabla `muu_re_tags_applications`
--
ALTER TABLE `muu_re_tags_applications`
  ADD CONSTRAINT `muu_re_tags_applications_ibfk_2` FOREIGN KEY (`ID_Tag`) REFERENCES `muu_tags` (`ID_Tag`) ON DELETE CASCADE ON UPDATE CASCADE;

--
-- Filtros para la tabla `muu_re_tags_records`
--
ALTER TABLE `muu_re_tags_records`
  ADD CONSTRAINT `muu_re_tags_records_ibfk_1` FOREIGN KEY (`ID_Tag2Application`) REFERENCES `muu_re_tags_applications` (`ID_Tag2Application`) ON DELETE CASCADE ON UPDATE CASCADE;

--
-- Filtros para la tabla `muu_support`
--
ALTER TABLE `muu_support`
  ADD CONSTRAINT `muu_support_ibfk_1` FOREIGN KEY (`ID_User`) REFERENCES `muu_users` (`ID_User`) ON DELETE CASCADE ON UPDATE CASCADE;

--
-- Filtros para la tabla `muu_tokens`
--
ALTER TABLE `muu_tokens`
  ADD CONSTRAINT `muu_tokens_ibfk_1` FOREIGN KEY (`ID_User`) REFERENCES `muu_users` (`ID_User`) ON DELETE CASCADE ON UPDATE CASCADE;

--
-- Filtros para la tabla `muu_users_information`
--
ALTER TABLE `muu_users_information`
  ADD CONSTRAINT `muu_users_information_ibfk_1` FOREIGN KEY (`ID_User`) REFERENCES `muu_users` (`ID_User`) ON DELETE CASCADE ON UPDATE CASCADE;

--
-- Filtros para la tabla `muu_videos`
--
ALTER TABLE `muu_videos`
  ADD CONSTRAINT `muu_videos_ibfk_1` FOREIGN KEY (`ID_User`) REFERENCES `muu_users` (`ID_User`) ON DELETE CASCADE ON UPDATE CASCADE;
